0.008616281181312302, 2.5715333328541163
-0.00020872774179847564, 2.277292745612888
0.021853794565979134, 1.333885902007479
0.01633816398903487, 1.0261267392545648
0.017441290104423857, 0.5703179179517619
0.01695101183091796, -0.3025883162741607
0.06597883918153347, 3.1607687002070017
0.056173273711410565, 1.8129704831147446
0.09355699206625667, -2.4276663011012634
0.10380030599486778, -3.2357228233015842
0.08804136148931252, -3.570202568633162
0.15422892841264324, 2.810286208461388
0.15422892841264335, 2.017750836695315
0.1542289284126439, -0.1202619569635246
0.1321664061048673, -2.921171267671994
0.13216640610486752, -4.138805984361662
0.27456995918233806, 2.4869371178714044
0.2866040622593077, 2.2545239051448984
0.2745699591823384, 1.4906905314889496
0.2645415399515305, 1.2278567814719015
0.286604062259308, 1.007923428674946
0.2571873658489381, 0.7754929993546416
0.1542289284126438, 0.6056700474065266
0.276798496789185, 0.09067798658837312
0.30866658456708485, 3.2970149161052706
0.34837912472108445, 1.7352630499143675
0.3638228903365298, -2.467996233735265
0.3527916291826413, -3.2565045134844492
0.3527916291826414, -3.5622542000541024
0.4069450930290024, 2.941855516922157
0.418979196105972, 2.697543911289271
0.4079479349520835, 2.1162212744129434
0.41897919610597223, 1.8553912658254905
0.39691667379819606, -2.950771106215523
0.3969166737981963, -4.157677763727309
0.44104171841374995, 0.3380332562033672
0.5292918076448591, 2.555356428930514
0.5219376335422666, 1.3976227558674772
0.5116417897986376, 1.0142772397479778
0.4189791961059727, 0.12280970859746176
0.5734168522604136, 3.4672251797498044
0.5891757967659693, 1.6308055214427242
0.6248960709785617, 0.5178839182460848
0.6175418968759699, -2.468089839714434
0.6175418968759702, -3.2566021892888006
0.6175418968759702, -3.562351875858454
0.6716953607223312, 3.12315956903473
0.6616669414915234, 2.8476472036256375
0.6837294637993009, 2.689400191101508
0.6616669414915236, 2.0730813309825216
0.6616669414915236, 1.8553017296715026
0.6616669414915247, -2.9508687820198745
0.6616669414915252, -4.15777543953166
0.7223388778379117, 1.2350634244116723
0.7940420753381884, 0.7502627964474264
0.8441841714922272, 3.6424315237884812
0.8413189088548539, 1.6008271891573376
0.9043546868770745, 3.385301633763011
0.8822921645692988, -2.4681875155187853
0.882292164569299, -3.256699865093152
0.882292164569299, -3.562449551662805
0.9421761536904073, 3.2467807731908005
0.9264172091848523, 3.024562504256348
0.916961842481519, 2.837591247006266
0.8161045976459652, 2.7295815751163914
0.9440672270310743, 2.101942903238161
0.9264172091848525, 1.8605680834560925
0.94847973149263, 1.4200390138139305
0.9264172091848536, -2.945602428235283
0.926417209184854, -4.144463041363657
0.9778964279029999, 0.9540280904075065
1.108934439185556, 3.778385143921823
1.1470424322626278, -2.4682851913231367
1.1312834877570728, -3.2154120700325546
1.1438906433615168, -3.5556494551884654
1.2011958961089886, 3.409695980907614
1.191167476878181, 3.1371094498197643
1.175408532372626, 2.9570371276555676
1.201195896108989, 2.2627689269812628
1.175408532372626, 2.000707280941466
1.1911674768781815, 1.648591238888562
1.1911674768781815, 1.1363264131446709
1.1911674768781824, -2.910833911711517
1.1911674768781828, -4.125786613606714
1.3676676553404001, 3.92555668219123
1.4117926999559556, 1.332568499596297
1.4117926999559565, -2.4683828671274863
1.4117926999559565, -3.1978908912234996
1.4228239611098452, -3.514372706796216
1.4659461638023177, 3.564667524129021
1.4559177445715097, 3.29256863209471
1.4401588000659546, 3.1132625998717893
1.4659461638023177, 2.4323696418088723
1.440158800065955, 2.1776225815721766
1.4559177445715101, 1.8496446726695108
1.4559177445715115, -2.897521513543513
1.4590695334726225, -4.107494493627604
1.6324179230337288, 4.060900753507647
1.6324179230337292, 1.5207645416645086
1.6765429676492851, -2.4416603949871316
1.6765429676492856, -3.176532448672086
1.6923019121548406, -3.5052766475160304
1.7306964314956463, 3.687454889816779
1.7206680122648383, 3.4158436368360094
1.7049090677592833, 3.241901634202029
1.7306964314956468, 2.5844153507090386
1.7206680122648388, 2.345719733842225
1.7339055256495053, 2.1370540990421922
1.6986054899570613, 1.9749393281570224
1.7206680122648401, -2.870799041403158
1.7364269567703952, -4.084608122422413
1.8630715653423113, 1.7051532992740341
1.8971681907270574, 4.2029498618102386
1.9412932353426138, -2.4363940412025418
1.9444450242437252, -3.1329527606308254
1.9255342908370592, -3.4386954703573096
1.995446699188975, 3.810242255504537
1.9854182799581674, 3.539118641577306
1.969659335452612, 3.3682417987084365
2.003068297804389, 2.758109421707168
1.9696593354526124, 2.501567875123781
1.9854182799581679, 2.1820191555751656
1.9854182799581692, -2.833348510084921
1.9885700688592798, -4.04332149016901
2.066314195086685, 2.423370641692859
2.117793413804832, 1.8507414905558655
2.167935509958871, 4.317810872973326
2.2060435030359424, -2.436491717006893
2.206043503035943, -3.115041460007964
2.19658813633261, -3.406611294242401
2.260196966882304, 3.9330296211922944
2.250168547651496, 3.6623936463186055
2.234409603145941, 3.4968808330386763
2.260196966882304, 2.882655099866887
2.2501685476514965, 2.619089891269528
2.2354601994463112, 2.3052995867500385
2.250168547651498, -2.82271812671139
2.250168547651498, -3.997440606689528
2.301647766369644, 0.6460020149531189
2.2942935922670515, 0.40641140653052865
2.2785346477614965, 0.20028522636290447
2.332903006305662, -0.01065613839778834
2.382543681498161, 2.4527561361101746
2.38254368149816, 1.9847445544750482
2.391999048201494, 0.8853065728058223
2.436697145344523, 4.444985510206516
2.436124092817049, -0.20897174263892104
2.4928562930370477, 1.065443285418425
2.4707937707292715, -2.4365893928112428
2.4802491374326046, -3.0848741715534445
2.467641981828161, -3.3952169465419804
2.524947234575633, 4.047039483916332
2.5149188153448248, 3.7749405918820207
2.4991598708392693, 3.6002322993067644
2.524947234575633, 2.9995907969121633
2.5193313198063803, 2.7353900296151297
2.5281563287294917, 2.5899142913028985
2.5243741820481587, -0.3855575037106682
2.5149188153448265, -2.806723713748916
2.5149188153448265, -3.9680361197547
2.6063206934770458, 1.2714376323203584
2.6573223684222977, 2.11447707683468
2.654648123294083, -0.5699749262793699
2.6974360453455284, 4.531201426815194
2.7355440384226, -2.436687068615594
2.7355440384226006, -3.072324574905135
2.7449994051259337, -3.3723305753367896
2.797319100884376, 4.154609699254422
2.779669083038154, 3.9035796262122604
2.7576065607303764, 3.7205402561400023
2.789697502268962, 3.1136006596362
2.79290659642282, 2.854370554825131
2.757606560730377, 2.6564508864337784
2.7796690830381543, 1.465628178038454
2.8127628664998205, -0.7027929927665983
2.795428027543711, -2.770045286407928
2.7851847136151, -3.9413156825269358
2.9046900427822258, 2.2245922401882545
2.9605817659619276, 4.6340937110930875
2.9738192793465954, 1.677972120837337
3.000294306115929, -2.4636048923646516
3.0002943061159293, -3.056330161942663
3.0160532506214848, -3.344844138869547
3.0544477699622905, 4.2428750318307555
3.0444193507314825, 3.973214335064145
3.028660406225927, 3.802337492195276
3.06648187303926, 3.2597902600845945
3.0002943061159275, 3.098893791367444
3.0538747174348155, 2.862090431790442
2.9870567927312615, 2.690159620480337
3.0076484802185215, -0.8168505217764697
3.0444193507314843, -2.790826976590795
3.03890372015454, -3.9011790665890462
3.110606917654816, -0.9885374536576155
3.169440310475555, 2.321047096984845
3.2184681378261706, 4.731266304170541
3.2209195291937016, 1.8396064488598558
3.265044573809258, -2.4690665977579442
3.2650445738092584, -3.016197615829954
3.249285629303703, -3.301251659949143
3.3191980376556196, 4.318849048378662
3.309169618424811, 4.048213073504972
3.2934106739192557, 3.8849991300488753
3.3268196362710336, 3.324062567277611
3.3135821228863667, 3.082686119565472
3.2926227266939785, 2.8734966982646064
3.309169618424813, -2.7909246523951463
3.3165237925274056, -3.8655212932631677
3.33123214073259, -1.0731023161870663
3.4470603828484205, 2.3866540355156474
3.4636072745792545, -1.2220029751823613
3.493023970989623, 4.820565503892827
3.485669796887031, 2.0017706681209777
3.529794841502587, -2.474528303151237
3.529794841502587, -3.0189773064287735
3.5203394747992545, -3.2898573122487242
3.5839483053489487, 4.409452236532773
3.5739198861181403, 4.1393039007126236
3.558160941612585, 3.9722585075501398
3.5839483053489487, 3.385410224098531
3.5812740602207325, 3.1415916839527602
3.5644645194148077, 2.94696024050669
3.5770716750192526, -2.782747559640896
3.573919886118142, -3.802141905714926
3.7062950199648044, 2.4603138014718304
3.6842324976570278, -1.2891347415477536
3.7504200645803594, 4.925069118289618
3.7504200645803594, 2.159911865190395
3.794545109195916, -2.5148562008726465
3.794545109195916, -3.0056649082607727
3.8040004758992487, -3.253180047714931
3.860732676119246, 4.47891995922419
3.8386701538114694, 4.2464868166870975
3.816607631503692, 4.042661831957693
3.8563201716576914, 3.4654775968169593
3.7504200645803594, 3.323906285990649
3.8441857843884137, 3.032202583577927
3.860732676119247, -1.4143605491592854
3.838670153811471, -2.7911200040038473
3.838670153811471, -3.7727374187800997
3.993107809965911, 2.395839630949821
4.031717224004522, 4.963184048568702
3.993107809965911, 2.3153791871157026
4.059295376889245, -2.5176358914714676
4.059295376889245, -2.984306465709359
4.049840010185912, -3.2302820484377968
4.1134488407356065, 4.520438589131218
4.103420421504798, 4.251753170471688
4.0876614769992425, 4.089305516956868
4.1254829438125755, 3.5454811349440583
4.0813578991970205, 3.3519453465771525
4.094595412581687, 3.106536109092872
4.081357899197021, -1.463612216894873
4.1034204215048, -2.7912176798081987
4.087661476999244, -3.740645103014831
4.207429455241464, -1.582050525110004
4.2704652332636845, 5.040970181206015
4.297570617813241, -0.6301217873469529
4.324045644582574, -2.5338256560426444
4.324045644582574, -2.9844041415137106
4.339804589088129, -3.216595807756713
4.390233211505905, 4.600309278298157
4.368170689198127, 4.369664145624045
4.34610816689035, 4.17120319048358
4.390233211505905, 3.6133278339329635
4.368170689198127, 3.382682701258851
4.365018900297016, 3.1397699526811342
4.368170689198129, -2.79131535561255
4.346108166890351, -3.7206253422462616
4.4343582561214605, -0.9210814578861157
4.438770760583015, -1.6182281313922555
4.527020849814124, 5.0663929837449055
4.560429812165903, -0.5224017707292656
4.4343582561214605, -0.6993682348765411
4.588795912275903, -2.5500154206138195
4.588795912275903, -2.984501817318062
4.5730369677703475, -3.193693157250797
4.642949376122264, 4.634350776050902
4.632920956891456, 4.364202440230753
4.617162012385901, 4.187961567772942
4.654983479199234, 3.634686276484377
4.610858434583679, 3.4201413722274516
4.625566782788863, 3.2002107326472844
4.648679901397013, -1.6994556791326865
4.632920956891458, -2.7914130314169014
4.6234655901881245, -3.681072164818289
4.661287057001456, -1.0143971228595365
4.736929990628122, -1.1799436575481117
4.809421135353675, 5.1606957169856305
4.791771117507454, -0.617430444501613
4.853546179969232, -2.550113096418169
4.853546179969232, -2.9845994931224116
4.853546179969232, -3.1777045583242973
4.915321242431007, 4.688085639878164
4.897671224584784, 4.439201178671579
4.875608702277007, 4.252809290106232
4.897671224584784, 3.7096931545755663
4.897671224584784, 3.5246341337570923
4.897671224584784, 3.205474373215087
4.886639963430897, -1.7575899341276404
4.897671224584786, -2.791510707221251
4.894519435683676, -3.653585728351045
5.013499466700617, -0.7156739894653832
4.963858791508118, -1.2592106735981172
5.077323191948115, 5.192397910937094
5.127751814365893, -1.35710082207531
5.11829644766256, -2.5502107722225205
5.11829644766256, -2.984697168926763
5.11829644766256, -3.1670741749507663
5.1624214922781135, 4.771673337381587
5.1624214922781135, 4.578568272179702
5.1624214922781135, 4.310366792732638
5.15506731817552, 3.68706926771445
5.184484014585891, 3.5164822739189674
5.1624214922781135, 3.2107407269996777
5.159269703377005, -1.7938977166753318
5.162421492278115, -2.7916083830256024
5.165573281179227, -3.5962139841739873
5.228609059201447, -0.7783336962607343
5.348377037443666, 5.219884347404337
5.398805659861444, -0.874438160489337
5.372015454202, -1.4037430535654938
5.383046715355889, -2.550308448026872
5.383046715355889, -2.9847948447311143
5.383046715355889, -3.1618078211661764
5.427171759971443, 4.803759839110883
5.427171759971443, 4.610654773908998
5.427171759971443, 4.337089264872993
5.427171759971443, 3.77386615803416
5.427171759971443, 3.5324848265318023
5.427171759971443, 3.2106430511953263
5.427171759971444, -1.8288627476149948
5.442930704477, -2.8101028314565806
5.442930704477, -3.5710287431449643
5.606823727334773, 5.256570914395687
5.606823727334774, -1.4768187996081608
5.6312500913183845, -0.8969378983023031
5.6477969830492185, -2.566498212598047
5.6477969830492185, -3.1350853490258217
5.707680972170326, 4.785265390679903
5.691922027664771, 4.58373695015994
5.681893608433963, 4.338458206070336
5.691922027664771, 3.7737684822298094
5.691922027664771, 3.532387150727452
5.691922027664771, 3.210545375390976
5.71398454997255, -1.882608858959122
5.691922027664773, -2.759619557100658
5.707680972170328, -2.975719134576835
5.701377394368106, -3.534342176153615
5.837534674896103, -0.9509225014020544
5.86842220612699, 5.286359709108346
5.868422206126991, -1.4964557061078878
5.912547250742547, -2.5665958884023965
5.9472169286547665, 4.835752153457413
5.9566722953581, 4.594367333533472
5.9409133508525445, 4.387474863424568
5.9566722953581, 3.7575787176586344
5.9535205064569885, 3.5332101856598284
5.972431239863655, 3.2196373648459797
5.956672295358102, -1.8907444394965207
5.956672295358102, -2.7597172329050075
5.956672295358102, -3.0279187123520703
5.956672295358102, -3.4838612274120777
6.066984906896987, 4.30466903747883
6.098502795908098, -0.973547706111324
6.133172473820319, 5.286262033303996
6.1174135293147645, -1.5436743992648214
6.199360040743653, -2.609613940568641
6.221422563051429, 4.8678351667651265
6.221422563051429, 4.610361746495945
6.221422563051429, 3.7199328347316953
6.221422563051429, 3.4946435919961614
6.223873954418959, 3.151344793898324
6.221422563051431, -1.890842115300872
6.237181507556986, -2.8471777760509465
6.199360040743653, -3.051475877957678
6.221422563051431, -3.438364651710428
6.309672652282538, 4.33676367885849
6.353797696898094, -0.9843699526719725
6.375860219205871, 5.294218541533419
6.397922741513649, -1.5422453092225918
6.45780673063476, -2.5530038351040787
6.486172830744757, 4.867737490960775
6.486172830744757, 4.610264070691594
6.486172830744757, 3.70642508495499
6.495628197448092, 3.468641827755053
6.50271972247559, 3.119728243926767
6.5019317752503145, -1.870255776726708
6.5019317752503145, -2.76911387784501
6.468522812898537, -3.0045058220491416
6.489324619645871, -3.4012984281700245
6.567068745873275, 4.374216923393515
6.618547964591423, -0.9469194213537371
6.662673009206976, 5.334342947995764
6.672128375910311, 4.230881944134834
6.662673009206978, -1.5423429850269432
6.716826473053341, -2.5610409470140425
6.750923098438086, 4.84618369680066
6.758277272540679, 4.580482717944981
6.750923098438086, 3.660733157644639
6.728860576130309, 3.4229359855186052
6.76037846514142, 3.079115603793565
6.741467731734755, -1.877240759544998
6.760951517668896, -2.925323599309234
6.6406104868992015, -3.0335350711022517
6.7564387290150325, -3.363465623986544
6.883298232284751, -0.9148329196244411
6.927423276900305, 5.3342452721914135
6.938454538054193, 4.290937447317155
6.927423276900306, -1.5370766312423534
6.977063952092805, 3.358520759631306
6.989198339362084, -2.521935254792984
6.971548321515862, -2.7708197159995667
7.0156733661314155, 4.81390184346266
7.0156733661314155, 4.593976630316068
7.0156733661314155, 3.612359215539816
6.999126474400582, 2.96465874741293
7.015673366131417, -1.8348128320300425
7.015673366131417, -2.93510940146162
7.018825155032529, -3.3049412471777853
7.157503866681414, -0.8727881370801214
7.192173544593634, 5.328783566798122
7.20793248909919, 4.366317586517829
7.203204805747523, 4.151375002200332
7.1921735445936354, -1.5157181886909363
7.233847197841659, 3.287576132324541
7.246327008439999, -2.479312937628004
7.236298589209191, -2.749461273448155
7.2804236338247446, 4.808440138069368
7.289879000528078, 4.559392418732653
7.2804236338247446, 3.5478931846681707
7.2749080032478, 2.880073535757573
7.274908003247802, -1.790655228813037
7.280423633824746, -2.915762470006058
7.270395214593938, -3.2488162437328842
7.434861289979186, 3.2006493919714085
7.418314398248354, -0.8211597883392585
7.456923812286964, 5.2938196986656525
7.456923812286964, 4.2263778104663405
7.4569238122869645, -1.4702216129892882
7.490017595748629, 4.050693631952969
7.51869887474874, 2.76090213574657
7.5186988747487415, -2.4191412382940136
7.5010488569025195, -2.669098505418388
7.491593490199186, -2.8384450940190913
7.545173901518073, 4.781522314320311
7.545173901518073, 4.5455050124068945
7.545173901518073, 3.4780631242075826
7.548325690419187, -1.7602960771714002
7.561720793248908, -3.178703700406304
7.684903209467329, 3.2437822810381833
7.687577454595546, -0.7415301438182844
7.721674079980293, 5.285675978477889
7.721674079980293, 4.304058563701637
7.737433024485847, 3.060364174972567
7.743736602288072, -1.452894332279941
7.7878616469036235, 4.054427967878482
7.74373660228807, 2.6988645695606
7.787861646903625, -2.3563025948515257
7.7657991245958495, -2.5887357373886193
7.743736602288072, -2.7684225889677876
7.809924169211401, 4.749240460982312
7.809924169211401, 4.53843409813692
7.8319866915191785, 3.3948148501242796
7.809924169211403, -1.6677481362681288
7.805511664749849, -3.0806319020651856
7.9202367807502885, 2.557099670716502
7.952327722288876, -0.6099652751668057
7.9769689809702875, 5.251098743737642
7.986424347673621, 4.33292664767757
7.980908717096677, 3.181539731323916
8.002183292179177, -1.3420692134700118
8.030549392289176, 3.9885396687668146
8.052611914596953, 2.942143457053734
8.0481994101354, -2.284163044261396
8.030549392289178, -2.5351931173035585
8.0084868699814, -2.7061634208006975
8.074674436904731, 4.70086651887749
8.096736959212508, 3.3115747156913384
8.052611914596955, -1.586170321930485
8.069158806327788, -3.0018779359295813
8.140862003828063, 2.4711938007898144
8.17616203952051, -1.6566187923273699
8.207049570751394, 4.4460262755006035
8.207049570751396, -0.48888094632536294
8.254326404268062, 5.228007718466194
8.25117461536695, 4.263632990175876
8.260629982070284, -1.273198468945015
8.290887155520949, 3.962696278865618
8.305328079213313, 3.1203432500092765
8.295299659982504, 2.8475128993946557
8.317362182290282, 2.3209358550965593
8.305328079213314, -2.2163785519337456
8.295299659982506, -2.4870145268074353
8.279540715476951, -2.636435251320542
8.33942470459806, 4.663220635950549
8.361487226905838, -1.5054215309822716
8.352662217982727, -2.937614175369447
8.474951627345835, 3.7980292915390805
8.471799838444726, -0.29989657911953493
8.525380249763613, 5.20032127916147
8.531683827565834, 4.345139379081586
8.51592488306028, 4.132116589442464
8.537987405368058, -1.1876678950404038
8.560049927675834, 3.110252673448427
8.54239990982961, 2.789490215750029
8.544290983170278, 2.234772229575057
8.570078346906643, -2.119923695137153
8.560049927675836, -2.3905596700108447
8.560049927675836, -2.5300244393233164
8.582112449983613, -2.73386570335345
8.604174972291387, 4.606800649462316
8.619933916796944, 2.60026462419167
8.619933916796944, 2.0761223043579804
8.60417497229139, -1.406705642107962
8.596820798188798, -2.8626078399216137
8.714487583830275, 4.036563605906046
8.746005472841386, 3.728963195405382
8.726521686907247, -0.09237822803810758
8.780675150753607, 5.1699586390982475
8.802737673061385, 4.389484194256931
8.75861262844583, 4.155628783479816
8.802737673061387, -1.0839715982987386
8.80825330363833, 2.963991296083198
8.842450213215386, -2.0076721448850794
8.824800195369164, -2.261920635680605
8.809041250863608, -2.4389277980796944
8.890987762292495, 4.55573655291266
8.861571065882124, 2.588936556501345
8.832154369471754, 2.0132082334887986
8.87627941408731, -1.2881894568189782
8.86892523998472, -2.658875104562984
8.86892523998472, -2.7728607333279864
8.913050284600272, 1.852257500435897
8.966000338138937, 3.9865853387147583
8.967203748446634, 3.5867696347362887
8.979237851523605, 2.4067396402416144
8.966000338138937, 0.11643799029363144
9.01233163498527, 2.847248360757872
9.054880785150269, 5.110470004423321
9.035970051743602, 4.232308708562675
9.067487940754715, -0.9303898263799226
9.08955046306249, 1.7026700584412584
9.10058172421638, 0.310700310285819
9.107200480908714, -1.898343617075028
9.089550463062492, -2.1493736901171907
9.073791518556938, -2.34017407145927
9.133675507678046, 4.480550602513494
9.1459324645157, -1.1388113168893597
9.02336289613916, -1.2642843889907915
9.173388047832047, -2.4744648138784093
9.11161298537027, -2.64555456674462
9.22794264844764, 4.001264162188174
9.208688083524489, 3.5713199123767163
9.2061666524036, 2.3310805726651225
9.232956858063044, 0.49571049320211635
9.249503749793877, 2.774746460065767
9.281809586030265, 2.186223866391037
9.262898852623598, 1.519558594322934
9.310175686140266, 5.035662547766014
9.321206947294154, 1.2801672619833262
9.332238208448043, 0.6988364854566367
9.32782570398649, -0.8134963889193916
9.38371742716619, 3.791180550963765
9.376363253063598, 3.3683189315856827
9.36533199190971, 1.0327351178926865
9.361654904858412, 0.8543824906687814
9.364329149986629, -1.786671609928769
9.354300730755822, -2.0582828629095378
9.354300730755822, -2.221885765372246
9.398425775371376, 4.416084571641847
9.420488297679151, 2.654886716955768
9.398425775371377, -1.0686356830505996
9.380775757525154, -2.5067255041254644
9.44255081998693, -0.14201585086171953
9.453582081140818, 4.130429646904819
9.515041964712484, 3.682702073973246
9.486675864602484, 2.163159585685065
9.530800909218039, 1.9968583891271603
9.546559853723595, 0.09875239054725249
9.580441584410538, 5.011424703898837
9.592575971679818, -0.6410868731433919
9.574925953833596, -0.8965154504484847
9.65372067636137, 3.8596638868917434
9.603292053943592, 3.3079537340871843
9.619050998449149, 0.30715651000920907
9.629079417679957, -1.6521809069560476
9.61905099844915, -1.9242797989903568
9.61905099844915, -2.101292775425419
9.632288511833817, -2.294402724417523
9.663176043064704, 4.351618540770202
9.663176043064704, 4.045868854200549
9.678934987570258, 3.14240719939861
9.641113520756926, 2.585519938261651
9.649938529680039, -2.3845249332320275
9.707301087680259, 1.8271558361739917
9.716756454383592, 0.4894974690101801
9.70730108768026, -0.06969912721536353
9.762457393449703, 3.6214033845489393
9.779792232405812, 2.46420339153795
9.801066807488313, 1.6098780443078304
9.805006543614702, 0.6917654549059424
9.839676221526922, 4.98450891506237
9.85070748268081, 0.9158884020252369
9.849704640757732, -0.4702252376784326
9.85543516603248, -0.7588400088471463
9.802905351013962, -0.9024999927167343
9.89115544024507, 0.10501100647128325
9.9014512839887, -1.486679172057391
9.883801266142479, -1.742000468770705
9.868042321636924, -1.9243716607587356
9.912167366252477, 4.261870755872377
9.933441941334976, 3.945193588690959
9.89115544024507, 3.0802594184707077
9.922410680181088, 1.3905785667828603
9.905863788450255, 1.1395480867581824
9.957343007168404, -2.0863983005486126
9.9184709440547, -2.26002525995332
9.972051355373587, 2.919308685417806
10.006147980758334, 3.562979656631108
10.022193451527626, 2.445305026171445
10.087879597489419, 4.898592870572731
9.994113877681364, 0.9560657162149404
10.104426489220252, 0.27854808087984395
10.11445490845106, -0.2728290967990379
10.11766400260492, -0.5373257033883387
10.082363966912476, -0.7014519853693617
10.148551533835807, 2.742230591779845
10.158579953066615, -1.3568669921194392
10.148551533835809, -1.6294535232072906
10.148551533835809, -1.8059300966834577
10.18952478955025, 4.149123807471481
10.170614056143584, 4.001428398133445
10.192676578451362, 3.7828360527337255
10.182648159220555, -2.085408617726948
10.254451640913139, 3.348863267967361
10.32946421675958, 3.630447146575545
10.214739100759138, 2.46059461940934
10.317697538195434, 0.48033571112349627
10.36917675691358, 4.846189801538431
10.359148337682775, -0.09151764500431803
10.359148337682775, -0.4660244381231262
10.423330220759944, -1.216524620504238
10.413301801529137, -1.4900864296991667
10.413301801529137, -1.6692450179698035
10.426539314913803, -1.8634277728796995
10.45742684614469, 4.06166791555432
10.473185790650247, -1.9590779670975884
10.532439421991132, 3.913593024088308
10.49713938629869, 3.2892330033761246
10.512583151914134, 0.686331947587119
10.5456769353758, 3.66335615997398
10.620689511222242, 3.4855109042893444
10.589801979991355, 3.093411736848245
10.589801979991355, 0.1254941652870425
10.589801979991357, -0.27358963613018794
10.617380132876075, 4.765637786637733
10.655989546914686, 0.8932411814997465
10.688080488453274, -1.0557014086403491
10.678052069222465, -1.3292632178352797
10.678052069222465, -1.5105674179414965
10.691289582607133, -1.6974550926104275
10.72217711383802, -1.8180766934282797
10.75684679175024, 3.9167286499694134
10.766302158453573, 2.9451653022508424
10.826186147574683, 4.670732370428018
10.817781377171722, 1.1148947137399947
10.810427203069128, 0.32656387836871303
10.820455622299939, -0.0858361690512357
10.891323118197645, 3.7933063563167924
10.832489725376906, 3.4303620598660673
10.788364680761351, 0.9235885112682389
10.939650548014683, 2.7741229047076335
10.964864859223571, 1.3204615836469902
10.952830756146604, -0.8948781967764621
10.942802336915795, -1.1684400059713944
10.942802336915795, -1.3545718327076557
10.956039850300462, -1.5353445136451942
11.008989903839126, 3.2747400845838692
10.98692738153135, -1.6451844149892736
11.05311494845468, 1.5390132307949003
11.023698252044309, 0.49974335080467647
11.069661840185512, 4.616619102712179
11.078329259663567, 2.580966675989183
11.065149051531648, 0.09693819990410368
11.097239993070234, 3.7617167124117117
11.119302515378012, 2.3798004499103538
11.14136503768579, 1.7501893372580106
11.153972193290233, 2.134958022793109
11.111948341275419, 1.9479987812173682
11.2296151269169, 3.6087930312247094
11.207552604609122, 0.7182597261343453
11.217581023839932, -0.713574144663891
11.207552604609123, -0.9861606757517407
11.207552604609123, -1.1690740847346408
11.22079011799379, -1.356498162362465
11.214906778711715, 3.192415660816719
11.251677649224678, -1.4662576032627115
11.292650904939121, 4.530329215709459
11.295802693840232, 3.0368289573527596
11.30583111307104, 0.31628697781138193
11.396309739908995, 0.8929680510098024
11.450240349994672, 3.556412346228907
11.47230287230245, 2.900651589330474
11.482331291533262, -0.5410475955150424
11.472302872302452, -0.814609404709973
11.472302872302452, -1.0042278506790474
11.48554038568712, -1.1840886465864653
11.538490439225782, 1.0878086705501087
11.516427916918007, -1.291353813727854
11.555037330956615, 4.455519142735965
11.582615483841337, 3.409523198329464
11.538490439225782, 0.4941893960406105
11.641448876662077, 2.6987675720604454
11.661060007602323, 1.288020554924124
11.714990617688002, 0.7140494919843015
11.746508506699113, 2.4910642377344683
11.74708155922659, -0.3480402061175081
11.737053139995782, -0.6216020153124369
11.737053139995782, -0.8147070805143226
11.752812084501334, -1.0170134390475098
11.798828202457555, 4.334738533848279
11.791206603842143, 1.5873829180824846
11.737053139995782, -1.1647100111927404
11.809544284721335, 3.3301284672892457
11.834758595930223, 2.2795356553404797
11.869428273842443, 3.1734000809613345
11.847365751534666, 2.0281879033727357
11.865015769380888, 1.827566685026044
11.825303229226888, 1.3657383887888521
11.93120333630422, 0.9360405483929153
11.847365751534666, 0.7622769203825968
12.011831826919918, -0.15503281671997193
12.00180340768911, -0.4285946259149025
12.00180340768911, -0.6184812733634253
12.015040921073776, -0.7967865006900503
11.979740885381332, -0.9515793711863143
12.045928452304663, 4.2590145525601475
12.082699322817625, 3.0383266530194746
12.189334847305217, 1.2073652116841025
12.112116019227996, 0.9874684873137785
12.276582094613246, 4.131216788093291
12.266553675382436, 2.835990206850126
12.276582094613246, 0.037974572677562435
12.266553675382438, -0.23558723651736813
12.266553675382438, -0.4222554662125244
12.282312619887993, -0.6332975300762715
12.229782804869478, -0.7880687180943813
12.36215793871614, 1.4325906938251283
12.398928809229101, 2.5756518331445744
12.45250922054799, 1.686199330581676
12.494533072562804, 2.2872105704275967
12.502937842965766, 1.9022744891067678
12.509241420767989, 4.048394859029737
12.541332362306575, 0.2309819620750968
12.531303943075768, -0.04257984711983376
12.531303943075768, -0.2356849123217195
12.547062887581323, -0.43799127085490497
12.494533072562806, -0.5950613286968469
12.575428987691321, 2.1298358571006553
12.685741599230207, 3.9356851204590697
12.553366465383544, 2.483869949621141
12.641616554614652, 1.9045221954140352
12.806082629999903, 0.42398935147263117
12.796054210769094, 0.1504275422777024
12.796054210769096, -0.042677522924183364
12.81181315527465, -0.2472827512812028
12.759283340256134, -0.40205393929931255
12.910779326769537, 3.8547840502186554
13.01667943384687, 1.252654226301507
13.070832897693233, 0.6169967408701673
13.060804478462423, 0.34343493167523675
13.060804478462423, 0.150329866473351
13.076563422967979, -0.05427536188366844
13.024033607949464, -0.20100050551836546
13.1225795409242, 3.73562445270068
13.281429701540198, 1.3088788611810394
13.325554746155753, 0.8100078301087752
13.325554746155753, 0.5525344098395948
13.325554746155753, 0.35942934463770904
13.34761726846353, 0.14620102882693153
13.268192188155533, -0.02354120492175582
13.353920846265753, 3.6812857748101573
13.429563779892415, 3.536429068536072
13.435867357694638, 1.532323116501054
13.512083343848783, -1.65068765109862
13.502054924617973, -1.9257123774541718
13.502054924617973, -2.1188174426560575
13.502054924617973, -2.3119225078579433
13.575596665643896, 1.3194983916874197
13.546179969233526, 0.964410485766658
13.546179969233528, -2.4916337783882003
13.607955031695303, 1.7615897722540943
13.607955031695303, 0.6361090839024381
13.59030501384908, 0.38078778718912254
13.546179969233526, 0.2118371344381984
13.597659187951676, -1.3053082268182035
13.590305013849083, -2.6820731080963416
13.656492580772413, 3.4932415372212073
13.682967607541746, 1.51792787351315
13.70061762538797, -1.1010660850077159
13.688010469783526, -2.8591221315544377
13.788867714619078, 3.338306344938352
13.784455210157521, 2.015135974016335
13.776260559014636, -0.8752300321888953
13.656492580772415, -1.4912829583024667
13.776260559014636, -3.0591563648292706
13.810930236926856, 1.1702915461776513
13.810930236926856, 0.9117453199906826
13.877117803850187, 1.685929171710118
13.872705299388631, 0.6627242754510139
13.832992759234633, 0.41757595445910667
13.877117803850188, -0.672679338793932
13.899180326157966, -3.2775943475738973
13.950659544876112, 2.2473371365180963
13.965367893081297, 1.4588193605101551
13.998461676542965, -0.48766508605245384
14.009492937696852, 3.281500335531672
14.009492937696852, 3.100196135425457
14.053617982312407, 2.501420053259162
14.034006851372162, -3.488629253713359
14.093330522466404, 1.1894978651732
14.075680504620184, 0.9331037625420961
14.085708923850994, -1.5704388381739296
14.053617982312408, -1.8551106781392122
14.053617982312408, -2.048215743341098
14.059921560114631, -2.2523577093117666
14.114289918658795, 2.889619310720291
14.083034678722777, 2.676410665731222
14.129833968466547, 1.8293643638070307
14.141868071543517, 0.7212001748278283
14.024201285902036, 0.5522766542447801
14.136965288808458, -0.28097754456150703
14.135564493741295, -1.3167455983848253
14.108774288081852, -2.4951938579655355
14.179689538356849, -1.1029669840691785
14.219086899620738, 1.4935919468591035
14.20560424709932, -2.728788370338389
14.26163604978574, -0.8846045837921999
14.244826508979811, -3.678236078070528
14.31034551462109, -0.07980912794185002
14.35045919154432, 1.1958398367547947
14.353668285698179, 0.9402962831884878
14.362493294621292, -0.6865366865537101
14.336018267851959, -2.9543045284379197
14.384555816929067, 2.0071367326225094
14.384555816929067, 0.8257092156581951
14.394584236159877, -1.475463177838682
14.384555816929069, -1.7490249870336143
14.384555816929069, -1.9421300522355
14.368796872423514, -2.1467236525205706
14.43870928077543, 1.6463857636244104
14.431832650445733, 0.16821500393433197
14.434196492121568, -1.1496129946827427
14.406618339236847, -2.374613077494253
14.428680861544624, -3.8772200057467874
14.494868428467957, -0.47779067270634457
14.4904559240064, -2.648611819420804
14.480160080262772, -3.2045002873179165
14.583118517699067, -0.9373417660937644
14.61520945923765, 1.3897249764487025
14.620939984512395, 1.1037852538022666
14.612535214109435, 0.36968259087777433
14.627243562314622, -0.2646193344481045
14.63606857123773, -3.388901624387092
14.622831057853064, -4.059936842173428
14.649306084622395, 2.2014851294172804
14.636068571237729, 0.9768820580522064
14.658761451325732, -0.7330256891258173
14.538993473083512, -1.3306876566487311
14.656660258724992, -2.918483826443948
14.70345954846876, 1.833541484379463
14.715493651545728, 1.603371411299241
14.75410306558434, -0.06351502785239305
14.770649957315173, -0.49599601819855366
14.737556173853507, -2.6422661479981375
14.825806263084615, 0.5696822112584456
14.89600519770027, 1.3799661276385393
14.8405146112898, 1.1581108307317276
14.87995972693098, -1.7331156704158417
14.869931307700172, -2.0066774796107723
14.854172363194618, -2.20667334024818
14.858900046546283, -3.1109930014088736
14.878756316623283, -3.4372674268415526
14.847868785392395, -4.15697470142724
14.914056352315725, 2.3800096389246725
14.927293865700392, 2.1257497526186384
14.931216091888443, 0.10136353870325188
14.941021657358565, -0.2866382191858836
14.929815296821282, -1.4664651643469568
14.914056352315727, -3.6534508427164667
14.95818139693128, 1.9465797688374913
14.95818139693128, 1.7534747036356073
14.980243919239058, 1.6032737354948896
14.973940341436837, -1.2457899405598116
14.960632788298811, -2.441197339322061
14.98024391923906, -4.311909893710094
14.89199383000795, -0.4940292751796953
15.002306441546837, -2.6718659865416647
15.039077312059796, 0.7789794829266139
15.057462747316277, 0.3346522489340096
15.075848182572763, -0.04351862012831731
15.055886852865726, -1.0642094574641483
15.144709994624307, 2.5604485202005236
15.134681575393499, 1.3859735595902318
15.156744097701278, -0.8417160683474414
15.142035749496094, -2.8668106127254944
15.077319017393279, -3.3102131824369074
15.139094079855058, -3.7640328766823554
15.196456637855276, 2.1803635506914176
15.181958408910166, -3.478069284775504
15.238690609130163, 1.9541391784099407
15.222931664624609, 1.7394305509000105
15.244994186932386, 1.5870839709237146
15.230285838727202, 0.9755900242179862
15.200869142316833, -4.383064682267191
15.277085128470972, 0.4815943970568384
15.25970253513757, 0.14773060479089928
15.278087970394054, -0.6128508737163667
15.377369320779053, -0.3869277557088484
15.347952624368682, -3.05999164799743
15.377369320779053, -4.482364346865507
15.399431843086829, 2.7188372366377855
15.415190787592381, 1.473610268026162
15.409460262317639, -3.662898756882777
15.39943184308683, -3.924513409265977
15.453585306933192, 2.35406324544798
15.436202713599789, 1.138222951679154
15.455813844540037, 0.7090933493190867
15.487681932317937, 2.0000247131182043
15.509744454625714, 1.678174798131364
15.518569463548827, 0.4294254539656919
15.549456994779716, -0.1515103460271554
15.539161151036089, -3.2621073061506927
15.637707084010826, 0.9153625806118146
15.509744454625716, -0.3655204752552592
15.60351017443377, -4.537429081568371
15.664182110780159, 2.8890475002823193
15.674210530010969, 1.3548094282406566
15.675213371934047, 0.11114660708417823
15.673637477483494, -3.6598613987805955
15.650944597395492, -3.8710731859824747
15.664182110780159, -4.042619736027035
15.718335574626524, 2.5236639602755897
15.708307155395714, 2.2520527072948173
15.774494722319046, 2.023163025882237
15.736673255505712, 1.7470571707283113
15.752432200011269, 0.7018318767900666
15.765669713395935, -3.402192045499117
15.83626978478082, 1.5879386342117865
15.686244633087936, -0.10811217218897617
15.80658566385763, -1.4437999379282402
15.796557244626824, -1.7227257767121138
15.811265592832006, -4.6085791219960885
15.84803646334497, -1.1219734552682024
15.840682289242379, -1.932609713680165
15.89483575308874, 1.0753108540585448
15.906869856165711, 0.8573317573168246
15.877453159755339, 0.3137876118379257
15.892161507960525, -2.1626114748235334
15.928932378473489, 3.0605987713240896
15.928932378473489, 1.3588603842324698
15.950994900781266, -0.9067797530469601
15.950994900781266, -3.759325988199352
15.912385486742656, -4.115125706544321
15.98308584231985, 2.6757096691757534
15.973057423089044, 2.402147859980822
15.973057423089044, 2.22513488354576
15.982512789792375, -2.3542172939491124
16.026007476627704, 1.9261243390973029
16.02663783440793, -0.7105416492099774
16.017182467704597, -3.482208878388475
16.017182467704597, -3.664585884412478
16.078467251892867, 1.6046565716509331
16.06130751232015, 0.531409982236104
15.950994900781266, -1.3473006830387622
16.070762879023484, -2.542757178104786
16.066823142897093, -4.646221613402046
16.122592296508422, -0.4712391585700626
16.14955760155126, 1.1404629834589368
16.14955760155126, 0.8813803543130732
16.1996996977053, 3.218372019198706
16.224570177397702, 1.4075639821769794
16.193682646166813, -2.7292983420437444
16.21574516847459, -3.8524001768786853
16.17713575443598, -4.1393615154989085
16.251045204167035, 2.9620499894717227
16.228352324079037, 2.7675739745873402
16.23780769078237, 2.5576070422557695
16.222048746276815, 2.3790672999741247
16.243323321359313, 0.7164018509390857
16.248838951936257, -0.27728666532487445
16.291961154628734, 2.067022175252612
16.281932735397923, 1.8280827388590328
16.281932735397923, -3.5842231163827094
16.348120302321256, -2.9208958761680623
16.339295293398145, -4.237583083406699
16.32605778001348, -4.683865461416396
16.373334613530144, -0.0600893978569399
16.4243362884754, 1.5373973252058732
16.43006681375014, 1.2318545126071232
16.458432913860143, 3.367494113682275
16.45107873975755, 0.8946791863971377
16.467257922783254, -3.8321096564548416
16.51258637770651, 2.985652755618564
16.5025579584757, 2.7130662245307144
16.486799013970145, 2.5352927721903473
16.55671142232206, 2.1898095409403737
16.530924058585697, 1.9214782499264853
16.546683003091253, 0.13094020185338628
16.56874552539903, -3.65406131649366
16.561391351296436, -4.016130600530408
16.56874552539903, -3.0492669803405317
16.59080804770681, -4.252158755310974
16.59080804770681, -4.710783285165451
16.696708154784137, 1.7163578979822347
16.663299192432362, 1.4662531869055808
16.689086556168725, 1.1247570101065847
16.701120659245696, -3.1881100838565626
16.723183181553473, 3.509543221984867
16.723183181553473, 1.3156551201078877
16.74083319939969, 0.3404680291180746
16.777336645399835, 3.1230692929125263
16.76730822616903, 2.8524333180388366
16.751549281663472, 2.684621634935076
16.82146169001539, 2.31259690662813
16.701120659245696, 2.1604979200164998
16.811433270784583, -3.702427118948121
16.820888637487915, -3.9913219152312553
16.868795828784805, 1.9576757402117657
16.85555831540014, -4.260302475498737
16.86501368210347, -4.743068626925034
16.943808404631245, 1.7165349353776218
16.921745882323467, 1.2302937927904605
16.9382927740543, -3.238485362494284
16.99395050078528, 3.6393991340443126
16.997388815950135, 1.3948649648041567
16.977905030015993, 0.5087623300624902
17.049708511708577, 3.254631349684791
17.032058493862355, 3.002528470724841
17.009995971554577, 2.816136582159495
17.035210282763465, 2.3787672957179034
17.07618353847791, -3.7293449426971765
17.07618353847791, -4.002910451733182
17.137958600939687, 2.028381627051365
17.120308583093465, -4.276492240069912
17.120308583093465, -4.759254903074627
17.16128183880791, -3.3201775098493425
17.230621194632352, 1.7459312826620863
17.201204498221983, 1.4915977325202707
17.218587091555385, 0.7090931848817039
17.252683716940126, 3.7668212906453453
17.306837180786495, 3.3803473615730057
17.296808761555685, 3.109711386699315
17.281049817050132, 2.937301963947891
17.34093380617124, -3.7482167220628213
17.33778201727013, -4.007604704378002
17.3950872700176, 2.163167725335425
17.39829636417146, 1.9124225400559567
17.385058850786795, -4.279271930668731
17.385058850786795, -4.759352578878977
17.419728528699014, -3.3455604281014537
17.451246417710127, 1.6577904004066752
17.475314623864065, 0.8479755992091462
17.523451036171938, 3.89228845122293
17.579209047095233, 3.505472582838541
17.561559029249015, 3.2544425097963785
17.539496506941237, 3.069391628628267
17.60568407386457, -3.7778165606063503
17.60568407386457, -4.003105803341883
17.667459136326343, 2.301751784478668
17.649809118480125, 2.0501853084776123
17.649809118480125, 1.8570802432757283
17.649809118480125, -4.276687591678613
17.649809118480125, -4.7835883878335625
17.697085951996787, -3.3686514533729035
17.715996685403454, 0.955004848451015
17.784189936172947, 3.993133539437814
17.84395931478856, 3.608364275141861
17.82630929694234, 3.356261396181911
17.804246774634564, 3.1658464854248596
17.879259350481007, 0.08096539401350178
17.854675397052343, -0.19397036702068426
17.870434341557896, -3.7403660292881113
17.867282552656786, -4.010098925810537
17.92458780540426, 2.4321491312808696
17.927796899558118, 2.1761374442231656
17.90510401947012, 1.9853396210569123
17.804246774634564, 1.8704333396955413
17.920075016750395, -0.4187090205495476
17.91455938617345, -4.258011163921671
17.91455938617345, -4.713953678981676
17.958684430789006, 0.36777757354083107
17.958684430789006, -0.6319434410980982
17.958684430789006, -3.375644575841557
18.00280947540456, 1.0040693042282633
18.064094259592828, 4.082105673209167
18.05638988672345, 0.5852720835978982
18.068997042327894, -0.792905027018147
18.10870958248189, 3.7048191319384527
18.09105956463567, 3.4527162529785027
18.068997042327894, 3.2582783200297447
18.11312208694345, 0.8263451258427725
18.135184609251226, -3.7297356459145803
18.135184609251226, -3.9845270513892928
18.196959671713003, 2.5461561821256886
18.17930965386678, 2.32489647330215
18.16165963602056, 2.1116828088620263
18.19034091502067, -0.9860548602970276
18.18246144276789, -4.24240105873703
18.17930965386678, -4.697959266019204
18.223434698482336, -3.3757422516459084
18.289622265405665, 4.207183158302979
18.365838251559804, 3.7924992976505383
18.355809832329, 3.52235096183039
18.340050887823445, 3.343811219548746
18.399934876944556, -1.180846461054042
18.399934876944556, -3.7298333217189317
18.399934876944556, -3.965850623632347
18.46170993940633, 2.6619215454424694
18.421997399252334, 2.4374515585159298
18.447211710461218, 2.2610039970792695
18.407289051047147, 2.138412335366027
18.46612244386789, -4.204976661510491
18.44405992156011, -4.671236793878849
18.488184966175663, -3.375839927450258
18.580847559868328, 4.29039697453308
18.638210117868546, 3.891292010024907
18.620560100022324, 3.6402619369827454
18.59849757771455, 3.44515350033537
18.630588519253138, -1.3512151148949485
18.620560100022328, -2.3781792618093576
18.664685144637883, -3.697746819989634
18.664685144637883, -3.919281242012911
18.718838608484248, 2.7361428732768482
18.730872711561215, 2.477567825327913
18.69777892809955, 2.3025785694642487
18.693051244747885, -4.170404921034242
18.708810189253438, -4.651219358724671
18.752935233868993, -3.3759376032546093
18.85883534094632, 4.367536441019267
18.90737289002343, 3.958421877138548
18.885310367715654, 3.7259887346014553
18.86324784540788, 3.5239517597350307
18.86324784540788, -1.4590082271585363
18.885310367715658, -2.42655320391418
18.9404666734851, -3.6865841034823887
18.919980045627877, -3.9410614347338253
18.983588876177574, 2.8208943927884773
18.95149793463899, 2.602200116767172
18.95149793463899, 2.4064130367708145
18.995622979254545, -1.58578226409945
18.973560456946768, -4.15380329015472
18.973560456946768, -4.588289686858962
19.017685501562323, -3.359943190292137
19.111451221370373, 4.452731312486781
19.167710653255202, 4.019833368550796
19.150060635408984, 3.7688032955086346
19.127998113101206, 3.5777178810529646
19.12799811310121, -2.5178312430801686
19.21624820233232, -3.6979503112486984
19.191033891123432, -3.9443798539059323
19.260373246947875, 2.8962137841223745
19.21624820233232, 2.704287204632152
19.23389822017854, 2.44600266820434
19.21624820233232, -1.6399509589582308
19.25406966914565, -4.1223356344144175
19.241462513541205, -4.564633537290911
19.282435769255653, -3.343948777329665
19.344210831717426, -2.6246552004736543
19.370685858486755, 4.521027048854022
19.436873425410088, 4.122723432924045
19.41481090310231, 3.9081703890167576
19.41796269200342, 3.704336101829794
19.348623336178978, 3.59171706222031
19.432460920948536, -1.744450503529844
19.474694892223425, -3.652068264962022
19.43687342541009, -3.823550000133549
19.5251235146412, 2.9533324239333973
19.43687342541009, 2.808536183633434
19.493032573102617, 2.494475914043587
19.503060992333424, -4.041622221875102
19.506212781234535, -4.502661727851798
19.54718603694898, -3.3333183939561337
19.591311081564534, -2.603826649160844
19.635436126180085, 4.585297728116966
19.68958959002645, 4.128481865571464
19.67956117079564, 3.8597964469119344
19.67956117079564, 3.690829514860284
19.569248559256753, 3.623819843250331
19.68901653749898, -1.7555797311898829
19.7236862154112, -3.566718798277977
19.7236862154112, -3.757141848685391
19.78987378233453, 3.0176031031963415
19.70162369310342, 2.867442833307437
19.756779998872865, 2.585810930762115
19.777839679257564, -4.009758857560973
19.767811260026754, -4.458504996740189
19.81193630464231, -3.3065959218157754
19.87812387156564, 2.5348078815901776
19.856061349257864, -2.6079473471569017
19.88442744936786, 4.65359724360759
19.94431143848897, 4.251272931100297
19.94431143848897, 4.058167865898411
19.966373960796748, 3.8114143651567503
19.878123871565638, 3.688074243212551
19.928552493983418, -1.8131398501324743
19.990887874472058, -3.56806898539201
19.98843648310453, -3.800151761201274
20.04258994695089, 3.0340895950216433
19.922248916181196, 2.899545614337459
20.029409738818973, -3.974114694364756
20.02520735361749, -4.393784601794712
20.069332398233044, 2.65453399877339
20.07668657233564, -3.2718274052920098
20.12081161695119, -2.6201140895363704
20.15548129486341, 4.69027915937016
20.219090125413107, 4.224839046563705
20.209061706182297, 3.9561536279041754
20.209061706182297, 3.7657305774967593
20.09874909464341, 3.720177024242572
20.2090617061823, -1.8423623577413366
20.275249273105633, -3.52132803803104
20.253186750797855, -3.7412451115272702
20.319374317721188, 3.081776106654935
20.231124228490078, 2.9316158367660297
20.28785642871008, -3.9259337782542474
20.31447153498613, -4.340251025765609
20.359086857875187, 2.672485997648063
20.341436840028965, -3.2477869479461248
20.38556188464452, -2.6363038541075454
20.432838718161182, 4.736154228813671
20.49146199172185, 4.2639447387847635
20.473811973875627, 4.015060277578178
20.473811973875627, 3.8219552123762925
20.385561884644517, 3.7522553863215062
20.47696376277674, -1.8892048827708
20.539999540798963, -3.5017576053426076
20.517937018491185, -3.735978757742682
20.56206206310674, 3.159464999540596
20.56206206310674, 2.96635993433871
20.548824549722074, -3.8754549225656607
20.584124585414518, -4.279558175039817
20.606187107722295, 2.657911953673862
20.606187107722295, -3.194244327861062
20.65031215233785, -2.620309441145073
20.694437196953402, 4.782035112293154
20.738562241568957, 4.347532436288186
20.738562241568957, 4.1544273710863004
20.738562241568957, 3.9613223058844147
20.738562241568957, 3.768217240682529
20.73856224156896, -1.8961980052394498
20.800337304030734, -3.479682330915928
20.782687286184515, -3.728030389163619
20.82681233080007, 3.156685308941774
20.82681233080007, 2.979672332506712
20.86358320131303, -3.7951106044100484
20.82366054189896, -4.204294704161008
20.870937375415625, 2.649768233486099
20.880392742118957, -3.197410651852108
20.915062420031177, -2.606997042977069
20.959187464646728, 4.800711540050097
20.99385714255895, 4.347438248905419
21.003312509262283, 4.127509547337242
21.01655002264695, 3.9773118350566703
21.003312509262283, 3.7681195648781776
21.003312509262287, -1.8962956810438012
21.057465973108652, -3.5494120516865912
21.091562598493397, 3.1565876331374234
21.091562598493397, 2.968846597524478
21.06950007618562, -3.75495635256304
21.10921261633962, -4.150836387597558
21.145143009812287, 2.639322155052919
21.151446587614508, -3.1377400378512146
21.14892515649362, -3.3465684424023596
21.179812687724507, -2.5842975930284204
21.223937732340058, 4.816705953012571
21.268062776955613, 4.379521262213132
21.268062776955613, 4.154232019477599
21.268062776955613, 3.9691729986591247
21.264910988054503, 3.7381377441712065
21.268062776955617, -1.031443585631374
21.268062776955617, -1.8963933568481526
21.329347561143887, -3.566417179011765
21.356312866186727, 3.169900031305424
21.356312866186727, 2.931200714597538
21.33425034387895, -3.718846828642036
21.356312866186727, -4.072880921162524
21.390982544098947, 2.574863101024441
21.40043791080228, -1.2447125996939654
21.42250043311006, -3.119449080679299
21.40043791080228, -3.3393661541755293
21.444562955417837, -2.4435894921230634
21.444562955417837, -2.6206024685581255
21.485536211132278, 4.836916123459263
21.532813044648943, 4.37942358640878
21.532813044648943, 4.154134343673247
21.532813044648943, 3.9610292784713614
21.532813044648943, 3.7142839173800635
21.54935993637978, -0.8666034563135518
21.444562955417837, -1.0596698581762158
21.554875566956724, -1.9085682388779848
21.621063133880057, 3.1349361631729566
21.61160776717672, 2.9035200893287874
21.621063133880057, -3.5915569413593964
21.625475638341612, -3.998152012131216
21.649429233990055, 2.531089224181674
21.66518817849561, -1.285040497415375
21.68283819634183, -3.0744872800064744
21.66518817849561, -3.323371741213057
21.643125656187834, -3.457464341286226
21.719341642341973, -2.4934300512295806
21.59900061157228, -2.620659446110663
21.753438267726715, 4.862104852909869
21.79756331234227, 4.37932591060443
21.79756331234227, 4.154036667868897
21.79756331234227, 3.960931602667011
21.813322256847826, 3.6850614097712002
21.78810794563894, -0.7885299649482587
21.797563312342273, -1.8536764717453256
21.885813401573383, 3.1187463986017816
21.894638410496494, 2.8486106126425534
21.90787592388116, -3.8974124433837627
21.929938446188938, 2.4482264206833975
21.93309023509005, -1.3403122117988886
21.94758846403516, -3.029527107263716
21.929938446188938, -3.280557180305877
21.929938446188938, -3.4682982159188214
21.841688356957828, -3.554090130740434
21.974063490804493, -2.459876932498588
22.018188535420045, 4.862007177105518
22.0623135800356, 4.363136146033255
22.05916179113449, 4.117158237690428
22.0623135800356, 3.915239675356659
22.040251057727822, 3.6631384243267817
22.079963597881825, -0.74449934027691
22.062313580035603, -1.826953999604969
22.150563669266713, 3.0757364860858996
22.143209495164122, 2.784293591636879
22.160592088497523, 2.351588791737756
22.157917843369304, -3.8116802193314765
22.17262619157449, -1.341550020057598
22.21233873172849, -2.965256428000771
22.194688713882268, -3.2162865010429336
22.185233347178936, -3.4047903381755713
22.08437610234338, -3.4898113118271255
22.254572703003376, 3.5469664273340307
22.238813758497823, -2.4036522976190557
22.282938803113375, 4.8619095013011675
22.32706384772893, 4.346946381462081
22.32706384772893, 4.0948369907818405
22.32706384772893, 3.866865733251837
22.314806890891276, -0.6684167621700272
22.327063847728933, -1.788162460889497
22.415313936960043, 3.021998514392137
22.399554992454487, 2.7606994584525424
22.417765328327572, 2.2871255563015875
22.415313936960043, -3.7192456715098032
22.459438981575598, -1.2933795692118402
22.469467400806405, -2.9091752729580858
22.459438981575598, -3.1788359697246946
22.44368003707004, -3.356609422065061
22.49804839561421, 3.485956550146696
22.54327656634515, 2.657197292372027
22.503564026191153, -2.321948522192052
22.538233704103373, 4.825033396737089
22.591814115422256, 4.325392587301964
22.5973297459992, 4.047533819682215
22.602845376576145, 3.80051822219888
22.597831166960745, -0.5641664224494161
22.607573059927816, -1.7198745734708183
22.645967579268625, 2.145138399782308
22.68006420465337, 2.9655785279039018
22.67271003055078, -3.640221197660484
22.735220510422813, 3.391328027400209
22.727341038170035, -1.253248185906326
22.741839267115147, -2.8109677274479647
22.724189249268925, -3.060924994572339
22.702126726961147, -3.2506694016307733
22.758285874653673, 2.630785458888237
22.77834271311529, -2.2509765057840063
22.658001682345592, -2.3635767290588863
22.81243933850003, 4.813437883391994
22.856564383115586, 4.282382674786083
22.83450186080781, 4.016871349783853
22.87311127484642, 3.7412800852638606
22.85656438311559, -0.4325993338932932
22.85656438311559, -1.6596211023636087
22.878626905423367, 2.0656893075057408
22.9448144723467, 2.893066452648844
22.958051985731363, -3.551283579295413
22.966876994654477, 3.3275447097027246
23.011002039270032, 2.451403597541592
23.011002039270032, 1.9147771374145925
23.005486408693088, -1.2211666261076068
22.998967936193065, -2.736746399613587
22.988939516962255, -3.0073823744872783
22.973180572456698, -3.1866884067101964
23.03306456157781, -2.1813380970910448
23.07718960619336, 4.789202074437407
23.11028338965503, 2.7173334362332984
23.121314650808916, 4.231326717886789
23.137073595314472, 3.9558396699616187
23.10555570630336, 3.7075733570597116
23.143377173116697, 3.2023189020911937
23.11128623157811, -0.2542174162608859
23.11930896696276, -1.5884008266195018
23.216918914142614, 3.611746028545835
23.203547688501544, -3.449262533593604
23.231627262347807, 2.3672857374778857
23.237930840150025, 1.8408422222059748
23.24486477573247, -1.1440129152332865
23.26371820388639, -2.6402915428169944
23.253689784655585, -2.910927517690684
23.237930840150025, -3.085635810265943
23.29781482927114, 1.6672554571699632
23.307843248501946, -2.0668442951545423
23.187502217732252, -2.2028511929993506
23.345091662787798, 4.739677534613474
23.334585699784103, 2.742729823668749
23.36400239619447, 2.2163735673867375
23.3519682931175, -0.011461963783682805
23.386064918502242, 4.1641786722206735
23.376609551798914, 3.8867852018998654
23.37030597399669, 3.130459355473536
23.390477422963805, -1.4836097099056609
23.425777458656245, 3.004460823720919
23.44122122427169, 2.6327278754520336
23.468799377156408, 3.644507782103128
23.4798306383103, 1.445922084510645
23.496377530041133, -3.318683302604212
23.54785674875928, 3.4909332680392184
23.51844005234891, -1.0483659187351808
23.536090070195133, -2.53447682807165
23.51844005234891, -2.7876525129493874
23.496377530041133, -2.973373897816117
23.474315007733356, 1.6591442955836495
23.572593516195276, 0.23422672269690992
23.572593516195276, -1.9689265211973321
23.45225248542558, -2.1385805137364073
23.622449086085574, 4.716586509342024
23.584627619272243, 2.1479007936241086
23.61772140273391, 1.2567891686856978
23.496377530041133, 0.017743101717258014
23.650815186195572, 4.1211687597047915
23.660843605426386, 2.86013046740898
23.672877708503353, 0.4722794921771314
23.650815186195576, -1.379643583754481
23.690527726349572, 3.918393789872159
23.710699175316687, 2.5763061447530085
23.704395597514463, 1.9809011859949166
23.704395597514463, 1.036065688399976
23.69494023081113, 0.8222742832051857
23.683908969657242, 0.6613574653621281
23.74508232696517, -3.2227101651154406
23.805252842350015, 3.748982229419453
23.772159058888352, 3.41307208588755
23.78319032004224, -0.9210678918021777
23.79321873927305, -2.43567849193885
23.78319032004224, -2.7072897449196205
23.767431375536685, -2.878932877729765
23.837343783888603, -1.8373616525458516
23.849377886965573, -2.022059383883459
23.861985042570016, 4.6659229998709275
23.926596715042795, 3.2762323538170097
23.89350293158113, 2.711412247577038
23.908211279786315, 1.8216931133244039
23.80525284235002, 0.5325759871505458
23.915565453888906, -1.2416174976435936
23.959690498504457, 4.0191382424098325
23.87144040927335, 2.57624684158608
24.00822804758157, -3.0817820346614173
24.01957448762557, 3.748615799802237
24.053957639274053, -0.7680491246995764
24.057969006966378, -2.312891126251092
24.04794058773557, -2.5840147401783202
24.03218164323001, -2.757190452871022
24.081034371197237, 1.612655699994061
24.10530314573579, -1.0477778289964839
24.102094051581933, -1.7262776241430569
24.114128154658903, -1.8974433717449255
24.136190676966674, 4.619844439168353
24.147221938120563, 3.5497164663493885
24.180315721582232, 3.240736152550828
24.180315721582232, 1.3953758732153076
24.180315721582232, -1.1625957370110598
24.224440766197784, 3.9546722115381856
24.29062833312112, 3.068912406713171
24.278021177516674, 1.1852805960396253
24.268565810813342, -2.9649422374967767
24.32739920363408, 3.788349309245981
24.312690855428897, -0.6101495272522843
24.322719274659708, -2.1784004232783705
24.312690855428897, -2.4500116762591393
24.29693191092334, -2.628551418540784
24.356815900044452, 0.9708819147874301
24.374465917890674, -0.96902589777347
24.366844319275263, -1.5610656607973095
24.341056955538896, -1.7894802121428395
24.39542531408306, 4.547334398825886
24.38990968350612, 3.473189508552987
24.45830350266023, 0.7399229985918385
24.55537860081445, 3.360483839807501
24.517557134001116, 3.0012993835200916
24.533316078506672, -2.829598166180359
24.584795297224815, 3.7721622578915923
24.577441123122227, 2.852233896604954
24.577441123122227, -0.45066732278563393
24.587469542353038, -2.0497613889481308
24.577441123122227, -2.3213726419289014
24.56168217861667, -2.49531464456288
24.621566167737782, -0.8275066807094813
24.63159458696859, -1.4177974548608638
24.605807223232226, -1.663140047636432
24.68775373466111, 4.47883517119958
24.699787837738082, 0.6843893460312689
24.776003823892225, 3.294022577140727
24.79071217209741, 2.7332525574299167
24.798066346200002, -2.6768209986998848
24.820128868507776, 3.6880389713943122
24.832162971584747, -0.22120521429490303
24.842191390815557, -0.6505751007780471
24.852219810046364, -1.8918640114054828
24.842191390815557, -2.1659134596539538
24.82643244631, -2.3583996788668458
24.90837895773889, 3.163225518008108
24.89634485466192, -1.2218642311420904
24.870557490925552, -1.483925877181889
24.912791462200442, 4.403923934000152
24.940469899277474, 0.889108952332343
24.996629046969993, 3.5646011736457623
24.97456652466222, 2.525552081671627
25.07017078799592, 2.291511019035827
25.073847875047218, 1.1275152416271776
25.06281661389333, -0.005363737732038132
25.07284503312414, -0.46121242482241165
25.06281661389333, -2.5374539051917644
25.116970077739694, -1.760299142754004
25.106941658508884, -2.0319103957347746
25.106941658508884, -2.2126781928820947
25.106941658508884, -2.3435605148522622
25.162097964278324, 4.323773814336105
25.135307758618882, 3.104520615382377
25.16109512235525, -1.0282716748803065
25.135307758618882, -1.3070105765511784
25.21095069224555, 2.9481695599891324
25.20401675666311, 2.015750517618713
25.205220166970804, 1.4814927265792335
25.187837573637402, 1.2723019856683848
25.21725427004777, 3.5037274418008035
25.276087662868512, 1.7282119421269435
25.276087662868512, 0.21019156845656362
25.21725427004777, 2.221724370043839
25.21725427004777, 1.1435544226666448
25.309916863740437, -0.2854572463588312
25.318111514883327, -2.4128344046316457
25.39375444850999, 3.3749256144633115
25.381720345433024, -1.5760692563201921
25.371691926202214, -1.849631065515121
25.371691926202214, -2.0411269218403234
25.384929439586877, -2.2178229402902687
25.415816970817765, 4.254081924440423
25.450486648729992, -0.05654167310604841
25.42584539004858, -0.8332162014579065
25.42905448420243, -1.092680373014673
25.39375444850999, -1.264959979970886
25.459942015433324, -2.26805793205399
25.444183070927767, 2.8722208080702725
25.349629403894436, 1.9320179343388357
25.467296189535915, 0.4300462379666783
25.50406706004888, 2.7177912915661926
25.646470613126347, 4.142376248740391
25.614379671587766, 3.2917017593310964
25.64379636799813, 0.6445423043214298
25.64647061312635, -1.5995736066944666
25.636442193895544, -1.8652844271274027
25.636442193895544, -2.064289924877123
25.674550186972613, 0.09301118858826563
25.6805672385111, -0.6138726033281294
25.696326183016655, -0.9003175974135669
25.65850471620332, -1.0419140248752807
25.696326183016655, -1.3141141657033213
25.6805672385111, -2.1903608995179678
25.746754805434428, 3.1307320337606823
25.713661021972765, 2.575567180780805
25.771969116643316, 0.8674853897405495
25.81294237235776, 2.31644792320831
25.879129939281093, 1.0708958337050607
25.86589242589643, 0.30008966556441763
25.87912993928109, 4.09218549967623
25.89383828748628, -0.4301438727005813
25.91122088081968, -1.6084487854625404
25.916951406094427, -1.893510757812603
25.879129939281093, -2.0332680894152535
25.967380028512203, 1.2659798514013492
25.945317506204425, -0.7958108821975891
25.955345925435235, -1.1900707568258468
25.945317506204425, -1.3992642109534827
26.017808650929975, 3.9708689529525287
25.952671680307017, 3.058241664239925
25.979414131589174, 2.0254122825990972
26.005201495325537, 1.4972896737381056
26.043022962138867, 2.888091963470112
26.011505073127758, 1.7333046500371303
26.051217613281757, 0.512436864223444
25.967380028512203, 2.2858159769988085
26.08504681415368, -0.22638129195728673
26.143880206974423, 0.7409103381808215
26.18432816453868, -1.6157909844128557
26.129171858769237, -1.8552745564331783
26.210067773897755, -0.6028034928000547
26.220096193128565, -0.9970633674283125
26.210067773897755, -1.270625176623243
26.210067773897755, -1.3993618867578341
26.23213029620553, 3.9181713060955827
26.24683864441072, 2.739867379957908
26.305672037231457, 0.9214396435725174
26.290963689026274, -0.03156418696247165
26.40863047466775, 3.771489380128286
26.396596371590782, 2.4655964345571455
26.396023319063307, 1.1546138818950027
26.43069299697553, -1.5965713706550524
26.484273408294413, 1.3522841281431024
26.474818041591085, 0.18359966987410914
26.474818041591085, -0.4151601329914616
26.484846460821892, -0.8040559780307781
26.474818041591085, -1.077617787225707
26.474818041591085, -1.2707228524275926
26.51158891210405, -1.4477493949465927
26.502396194475807, 2.1991236133558356
26.536102825779356, 1.611526436556952
26.568583761399136, 1.9355912408480087
26.59983900133516, 1.7330875926941278
26.62925569774552, 3.701675598968424
26.6513182200533, 0.38267415116065173
26.761630831592186, 3.560820984356541
26.729539890053605, -0.22483105854732344
26.749596728515222, -0.611048588633242
26.73956830928441, -0.8846103978281725
26.73956830928441, -1.0761062541533768
26.755327253789968, -1.2823206913870777
26.702797438771448, -1.4317278498162445
26.845468416361744, 0.5507648498507702
26.982256054669964, 0.760269139959826
26.960193532362187, -0.010891374293267475
26.946956018977524, 3.5213269938147773
27.00431857697774, -0.3922901573677162
27.00431857697774, -0.6486907717191084
27.00431857697774, -0.8417958369209941
27.020077521483298, -1.045634775336735
26.967547706464778, -1.2145823272684737
27.051595410494407, 3.352091569581881
27.11463118851663, 0.9569013869854999
27.19084717467077, 0.18461555373697536
27.224943800055517, 3.170416899103449
27.247006322363294, 1.1606856734630906
27.234972219286323, -0.20453669028876398
27.28671886251729, -0.5404415615471372
27.26906884467107, -0.798981276013814
27.247006322363294, -0.9813501423874555
27.379381456209956, 1.4055941867892336
27.397031474056178, 2.9466733759717707
27.441156518671733, 2.7519428225924774
27.45502438983662, 1.65537680027297
27.43554060390248, 0.3922595144228609
27.379381456209956, 1.1588488256979357
27.489694067748843, 0.013051407248266145
27.489694067748843, -0.24656762485649075
27.547056625749065, 1.9247703896559933
27.54384753159521, -0.5147890834453523
27.51806016785884, -0.7676552501898222
27.581095945881064, 2.588671436460963
27.577944156979953, 2.376410285534339
27.577944156979953, 2.1833052203324534
27.666194246211063, 0.5987383211577555
27.710319290826618, 0.18032773391960966
27.754444335442173, -0.1672776627445085
27.68825676851884, 1.9955234864676967
27.788540960826918, -0.4958614364794922
27.896847888519645, 0.7739107006553727
27.930944513904393, 0.3862250736313282
27.975069558519948, 0.03861967696720825
28.019194603135503, -0.2848475865466753
28.161598156212975, 1.0268976936383414
28.173632259289942, 0.7602766013059945
28.14053847582828, 0.543045612429415
28.19569478159772, 0.23164334566546785
28.19569478159772, -1.6817060087098827
28.173632259289942, -1.9568725869722066
28.173632259289942, -2.1499776521740923
28.173632259289942, -2.343082717375978
28.19569478159772, -2.537268728146014
28.239819826213274, -0.0918239178484157
28.230364459509946, -2.733451743992152
28.297182384213496, -1.3582924668883898
28.394257482367717, -1.110510114340899
28.37219496005994, -2.940172467478405
28.406291585444688, 1.1994316424693352
28.416320004675494, 0.7915666382473123
28.416320004675494, 0.5362388298137066
28.416320004675494, 0.3431337646118209
28.46044504929105, 0.08671687095970171
28.350132437752162, -1.5610723205112418
28.515601355060493, -0.9174498172160082
28.504570093906604, -3.162292130362749
28.63694522775327, 1.4271227480332254
28.63694522775327, 0.9845903069455701
28.65459524559949, -0.6809473921409825
28.659007750061047, -3.3545601681856816
28.681070272368824, 0.636984910281452
28.69682921687438, 0.36985042271620294
28.659007750061047, 0.2089434887343007
28.720782812522824, -1.8733955887137146
28.772472150501045, -0.46006949105981043
28.77373286606149, -1.4743313224573544
28.791382883907712, -1.6953358532420264
28.769320361599934, -2.119086051118021
28.769320361599934, -2.312191116319907
28.825702363053146, -2.5160450420283826
28.857570450831044, 1.624974043361533
28.86759887006185, 1.1846322781737335
28.86308608140799, -1.187120503553519
28.911723914677406, 0.8305900460028841
28.923758017754377, -0.2739168500747642
28.879632973138822, -3.508410412905624
28.945820540062154, 0.48910821930176773
29.00649247640854, -1.0021143904624026
28.997299758780297, -2.723517494525817
29.012008106985483, -3.6432304942299503
29.05123036886598, -1.4004100928434156
29.03848313375482, -1.7962707735981827
29.078195673908816, 1.8099516676763816
29.09624682852427, -0.05600583040880558
29.100258196216593, -0.772836719049204
29.100258196216593, -1.545256979856747
29.06243672940326, -2.0372011684704514
29.12232071852437, 1.3899318715615543
29.12232071852437, 1.1313856453745856
29.11286535182104, -2.2303248385874515
29.13335197967826, -2.935223356566695
29.176474182370736, 0.8348811216803966
29.188508285447703, -0.3061987034127629
29.188508285447703, -0.571718168065356
29.199539546601592, -1.1530489445920473
29.197333294370818, 0.5595524163822123
29.216086438332425, -2.4384106395798693
29.254695852371036, 0.21073522927036414
29.28936553028326, -2.6418876542562764
29.23893690786548, -3.6947514286562058
29.3088493162174, 2.0139435152382195
29.314579841492147, -3.8419070047541215
29.335591767499555, 1.5550652996141068
29.365008463909923, -0.08097457788012896
29.355202898439803, -0.8998794775027807
29.352974360832956, -3.1004311575912347
29.3870709862177, 1.2289133080889645
29.40913350852548, 0.9489028238958692
29.4267835263717, 0.7010781451664929
29.443452987670913, -0.26874455447214096
29.431196030833256, -0.5154853935354602
29.44443354421792, -0.6699743294871858
29.431196030833256, -1.5473905857080368
29.4154370863277, -1.8281342489075438
29.464289814294922, 0.4178435454647751
29.491080019954367, -1.3247096648610146
29.459562130943254, -2.032749942529316
29.537096137910588, 1.7695521410317792
29.530477381218255, -2.221283431245416
29.50368717555881, -2.7293237784511266
29.5459211468337, 2.1589774333287703
29.579330109185477, -2.8902725734920374
29.55621699057733, -3.889506129664907
29.607696209295476, 1.421936976787224
29.62485594886819, 0.0029660186867896954
29.607696209295476, -1.0192328891399463
29.56357116467992, -1.239678225944708
29.600342035192885, -3.206502641307111
29.64179283468022, 1.0790166148781655
29.688592124423995, 0.684174261936839
29.70146192910353, -0.2902958615168689
29.680187354021026, -0.5615546517804777
29.693494907159053, -2.410872619693466
29.718008820834363, -3.3618794096221354
29.75772136098836, 2.3809701176674576
29.756618234872974, 0.21658458551217485
29.75110260429603, -0.8012379940768408
29.784196387757692, 1.9561292066428742
29.784196387757692, 1.6997285922914802
29.789712018334637, -3.9854743032002364
29.83383706295019, -2.9274357460822973
29.872446476988802, 1.4411498075030629
29.872446476988802, 1.188504013863927
29.890096494835024, 0.9101043664775883
29.872446476988802, -0.027521493949057785
29.872446476988802, -2.595550659654691
29.928828478442014, 0.4033680817005205
29.92392569570695, -3.1038114557243883
29.966713617758398, -0.4030383436810414
29.89450899929658, -0.6229369179719004
29.98275908852769, -3.3619770854264868
30.004821610835467, 2.5485048782378126
30.02247162868169, 2.142709528114116
30.026884133143245, 0.1501050086320852
30.06470559995658, 1.916485155832639
30.048946655451022, 1.6915848721037197
30.037915394297134, -4.051945740429963
30.105328656904234, 0.5892559902475831
30.097484204528133, -2.7460947140581915
30.137196744682132, 1.4413739734740485
30.1666134410925, 1.1926867088635795
30.096223488967688, 1.031408645585385
30.195361576220822, -0.1690559543582708
30.18867596340028, -1.4330139145735323
30.15925926698991, -1.67438439320874
30.16556284479213, -1.888181612439503
30.181321789297687, -3.117316492284303
30.214415572759354, 0.3672790199561238
30.115134222374355, -0.35481683502846373
30.203384311605465, -2.0904961106230537
30.14822800583602, -3.3560035995166473
30.225446833913242, 2.7106853767996597
30.234902200616574, 2.3164257135908937
30.24015518211843, 0.7930393723195799
30.225446833913242, -1.1996921935385245
30.238684347297905, -3.50247497986123
30.25633436514413, 1.955955018125115
30.24750935622102, 1.7049216892228092
30.24750935622102, 0.09571281254042852
30.25633436514413, -4.1011071937073655
30.269571878528797, -1.0146494520207767
30.27692605263139, -2.806238047943948
30.291634400836575, 1.4796161671865509
30.291634400836575, 1.2865111019846651
30.291634400836575, 1.0934060367827794
30.291634400836575, -2.253748426716573
